{"cameraMode":{"drawMode":0,"name":"Shaded","section":"Shading Mode"},"sceneLighting":true,"audioPlay":false,"sceneViewState":{"m_AlwaysRefresh":false,"showFog":true,"showSkybox":true,"showFlares":true,"showImageEffects":true,"showParticleSystems":true,"showVisualEffectGraphs":true,"m_FxEnabled":true},"in2DMode":false,"pivot":{"x":5.092338562011719,"y":2.703772783279419,"z":1.7574783563613892},"rotation":{"x":-0.030030177906155587,"y":0.7477518320083618,"z":-0.033906545490026477,"w":-0.6624047160148621},"size":0.46120938658714297,"orthographic":false}